Date,Marketing Spend,Seasonality,Product Price,Competitor Sales,Sales
2020-01-01,5993.428306022465,3,18.173392243439455,9582.810151048196,4943.983595735301
2020-01-02,4723.47139765763,4,20.923401529324543,2751.7739015073494,1947.2114579329836
2020-01-03,6295.377076201385,1,13.264368552351517,5390.700934373435,3941.179689311208
2020-01-04,8046.059712816051,4,15.141929807446742,4980.213139592509,5268.321917512165
2020-01-05,4531.693250553328,3,26.002069539722125,11036.33664699472,4508.705369641506
2020-01-06,4531.726086101639,1,16.71552860514302,10346.721685181252,3100.308052837479
2020-01-07,8158.425631014783,3,14.765445086590303,6391.3122333137335,4966.435309707524
2020-01-08,6534.869458305818,3,22.683263762636432,10884.10436069699,4643.893670198196
2020-01-09,4061.0512281300958,2,25.928520773314986,7266.599577063673,2858.1192896253924
2020-01-10,6085.120087171929,1,23.594766553325332,8641.724448369734,3859.9693644586177
2020-01-11,4073.1646143750754,2,24.980238429029082,18367.260451492686,4094.394070929732
2020-01-12,4068.540492859486,1,16.216024557152696,16702.30525895174,2440.2993321707895
2020-01-13,5483.924543132068,3,12.89094666629078,3502.093815362012,3435.39549280018
2020-01-14,1173.4395106844042,3,27.506668259777435,14148.662089395873,2068.325582938751
2020-01-15,1550.1643349739345,4,18.38660080578932,14056.98277245796,2072.5816564242095
2020-01-16,3875.4249415180548,1,18.745834917724764,4258.683556236909,3389.18650773427
2020-01-17,2974.3377593311525,2,26.64097070924529,14093.888218774304,2562.3547892186552
2020-01-18,5628.4946651905475,4,22.7811500470033,17689.659592062762,4385.153412273735
2020-01-19,3183.9518489575776,4,22.27943886040804,4387.275968777931,3029.9081163449896
2020-01-20,2175.3925973294167,4,30.82501172450542,5412.485894928682,1217.1967369050988
2020-01-21,7931.297537843108,2,16.782408848099283,15088.307334217512,5201.700101759846
2020-01-22,4548.447399026929,4,24.639200640406187,11357.47655412824,3340.1225632749038
2020-01-23,5135.056409375848,2,20.285065624485423,12757.381376197616,4266.2620899349085
2020-01-24,2150.5036275730863,4,21.342961394316287,11702.946082002483,2352.78197180288
2020-01-25,3911.2345509496345,2,27.64234213206266,11953.479604640721,2508.0167965759642
2020-01-26,5221.845179419732,3,22.53917878144812,3367.639358444585,2684.7561618688746
2020-01-27,2698.012845155394,3,22.691480395248163,15236.588533107242,2572.157207321841
2020-01-28,5751.396036691344,3,25.36253668654901,15847.949962138868,4425.318745616692
2020-01-29,3798.72262016239,3,18.175236352285573,8853.04627965986,3000.3052909973244
2020-01-30,4416.6125004134465,3,15.803951663304968,9782.615250930688,3398.151048410109
2020-01-31,3796.586775541206,4,14.775954029894832,2344.462487221387,1247.41135487153
2020-02-01,8704.556369017875,4,10.16821705311999,12571.273780089175,6143.592878003596
2020-02-02,4973.005550524133,4,30.28103564970161,12860.28720857072,3903.04402268242
2020-02-03,2884.5781420882004,2,14.483958171391585,9689.044915003446,3105.507982158537
2020-02-04,6645.089824206378,2,18.89373188207114,15621.766799352514,5109.310128871984
2020-02-05,2558.3127000579557,2,18.615933500555396,8329.613845100297,2665.2408067569445
2020-02-06,5417.727190009511,2,21.537033489045502,12823.029629468001,4227.1929170255235
2020-02-07,1080.6597522404488,3,24.078686062696484,4901.678306539422,1706.9184534818105
2020-02-08,2343.627902203139,3,24.302367441798726,9882.239245628809,2424.49343041752
2020-02-09,5393.722471738247,3,17.084612807155306,9128.22871048582,3563.3349449769694
2020-02-10,6476.933159990821,1,19.164391431067944,11126.539610204707,5489.554340382429
2020-02-11,5342.736562379941,4,21.412899752441497,8152.365355833209,3934.464667888481
2020-02-12,4768.703435223519,2,18.756544369082263,9342.637021641662,3607.96328471504
2020-02-13,4397.792608821423,2,28.036727880099964,14130.235857207532,2977.171354650306
2020-02-14,2042.9560192651452,3,22.454874758191256,7816.178813808913,1162.0875697575143
2020-02-15,3560.3115832105827,2,23.674388930249087,1967.1144963066033,2126.192421199903
2020-02-16,4078.722458080425,2,23.314406343337062,18747.919521027103,3989.845220661377
2020-02-17,7114.244452437832,4,25.867369287426627,16907.270393452432,4944.574719988744
2020-02-18,5687.236579136923,3,20.905107793518535,3538.686524471907,3270.968802601034
2020-02-19,1473.9196892745322,4,13.515840260220767,13448.539026225972,2878.6787953076832
2020-02-20,5648.16793878959,1,21.998439758763208,7485.126147243284,3922.7976653701494
2020-02-21,4229.8354391673665,1,16.743215531040853,11317.436076655298,2678.1313939259485
2020-02-22,3646.1559993880824,1,17.356916591251217,11471.120645067469,2916.471342288441
2020-02-23,6223.352577681736,3,22.931820093775467,8827.96099841839,3595.182330265804
2020-02-24,7061.999044991902,2,26.19141535716818,6081.171672068018,3948.4858730341894
2020-02-25,6862.560238232397,3,20.106357883680307,6547.294738418703,3882.1123959316155
2020-02-26,3321.5649535547227,3,21.544165062994818,5419.040422593787,1966.918144241037
2020-02-27,4381.57524829757,2,28.51107472317619,5840.888958847776,2150.759941519183
2020-02-28,5662.526862807128,4,21.203765897442842,9664.108549753224,3737.1673222095355
2020-02-29,6951.090254244718,1,33.008415570901974,6421.200054446241,3840.9621557004193
2020-03-01,4041.65152430942,4,22.82754822815772,13410.2603285631,1900.6102048327018
2020-03-02,4628.682046672366,1,11.196186204220911,17436.230776679637,5085.8697318754
2020-03-03,2787.3300519879435,3,23.766708105522664,7099.733793149785,2651.2999032278385
2020-03-04,2607.5867518386585,1,21.90579192441389,11197.022502676886,2237.8358429169616
2020-03-05,6625.051644788396,3,26.44876377041373,12498.42555151467,4575.322778793005
2020-03-06,7712.480057141646,4,23.365906756349794,12360.011354596372,4509.950581047314
2020-03-07,4855.979756839332,3,19.307720080081133,10379.776339580438,4316.659723291151
2020-03-08,7007.0657957840485,4,13.878508818553172,13713.412091798611,5826.106305340296
2020-03-09,5723.272050095268,2,18.954883713569874,12411.244763403287,4183.602853882582
2020-03-10,3709.7604907897517,2,15.747397728953501,3811.687888363511,2749.9890960967946
2020-03-11,5722.791211016828,2,17.097382750976386,14345.780321946366,4385.92676544511
2020-03-12,8076.073132931939,3,22.94289202210305,14436.45418633371,4816.513554863585
2020-03-13,4928.347921780097,2,28.34952252175703,6183.569479107092,2880.0541765711046
2020-03-14,8129.287311628012,1,21.973357649114906,10189.68917723801,5152.073892688697
2020-03-15,-239.49020817948875,4,14.020584689824078,13416.644964055347,997.2475914130508
2020-03-16,6643.805008750448,4,22.223013341100703,8953.430902103191,4111.341257202134
2020-03-17,5174.094136476343,1,25.983157433228257,15364.89023883006,4080.7346291099434
2020-03-18,4401.985299068264,3,16.95108547840309,21819.362473096804,4345.084756458922
2020-03-19,5183.521553071005,3,19.32991416663541,6070.069836825089,3227.729996883417
2020-03-20,1024.8621707982145,4,20.073440973645987,3094.776984231126,294.81359472128395
2020-03-21,4560.656224324976,2,16.0755084345888,11519.092978024379,3075.936886244417
2020-03-22,5714.225143023493,3,23.241402169219295,13607.812525630718,3578.825831441756
2020-03-23,7955.788089483032,3,19.395259256961094,8845.668130776156,5354.208158587928
2020-03-24,3963.4595634527054,1,22.097662219535138,17266.303316605172,2658.0464086886614
2020-03-25,3383.0127942136246,1,15.5625391109895,3306.971001383756,2600.85492281475
2020-03-26,3996.4859128309267,2,17.812708498382946,13464.593115158055,4040.2582374125295
2020-03-27,6830.804235404148,3,23.611906789138857,6970.695896205533,3964.6426045102303
2020-03-28,5657.502219319369,3,18.135834239541165,18596.889531036482,3389.585102273638
2020-03-29,3940.4795924659225,1,28.634819256167027,19962.576765840593,3789.005673758992
2020-03-30,6026.534866226712,3,18.001819071926988,6166.717061083261,3600.5472404844654
2020-03-31,5194.155098696081,4,21.12342362875943,7252.214320457099,2820.3122137921696
2020-04-01,6937.289981065778,1,24.662954159365448,14297.93943489901,4643.596032534605
2020-04-02,3595.893812245295,2,12.908171335334842,8064.346751052427,3371.369997793099
2020-04-03,4344.6757068044635,1,11.19595594009612,9772.943910338809,3483.515421180993
2020-04-04,4215.783693735685,3,12.371718427149526,10126.942102712052,2660.441171792713
2020-04-05,2072.9701037357627,2,26.31292051713591,401.63421901171836,281.08018102305084
2020-04-06,5592.240554129152,1,17.240709270537767,9930.811269528815,3627.7168161396257
2020-04-07,5522.110544359779,4,32.79099642834126,6551.36112967913,3313.942095115417
2020-04-08,5010.2269132849215,4,17.178762006713058,7534.38588800114,3509.5695153249044
2020-04-09,4530.825733249705,1,20.922756515985185,17218.16001734407,3721.9627877270286
2020-04-10,2169.2585158991715,4,27.710549762839378,3717.465528603718,1716.0966534671722
2020-04-11,4158.709354469282,4,30.030464440795615,14066.025933739886,4457.737337082823
2020-04-12,4314.570966946461,4,30.30751788318199,8605.185348340958,3429.785281317776
2020-04-13,3395.445461556762,2,26.041831152965713,8601.199157520829,2537.002575980374
2020-04-14,4677.428576667981,4,25.120312629057313,13951.859480258556,3646.037032096104
2020-04-15,5808.101713629077,4,22.962634746005914,11700.256472844452,3899.236200483648
2020-04-16,8772.371802421061,4,23.89180538083319,12853.064986097655,6265.402036584452
2020-04-17,5349.155625663678,2,17.244071418357333,14840.923302664305,3847.3378272644536
2020-04-18,5515.100781445528,1,15.909005582888463,8343.458084083386,3616.398454189383
2020-04-19,4851.108168467666,3,19.98312771294524,6938.816327461249,3147.932980691795
2020-04-20,1162.457569401917,4,19.149076887375358,4574.24736721101,790.876332705031
2020-04-21,4946.972249101566,1,17.733859753363625,5872.947350105224,2376.6214715945916
2020-04-22,5120.4604198820525,4,23.481937237283578,24745.472126543627,5199.812868127951
2020-04-23,9926.484224970573,2,24.776526042852556,16223.397903683934,6558.157569530274
2020-04-24,4615.278070437755,1,20.442034431459238,3244.628168959893,2884.5662902762974
2020-04-25,5603.094684667225,2,27.387650405276307,3387.7102162821493,2876.8569757827713
2020-04-26,4930.576460589514,4,14.291554429332475,12409.330308592458,4319.26106600346
2020-04-27,2662.643924760936,4,19.03170270360141,12736.323986889834,2169.6706407338893
2020-04-28,7285.645629030041,2,16.415888396985974,12744.419176586822,5775.526463022347
2020-04-29,6503.866065373548,3,10.6673169146347,8725.221032231511,3252.6036126872573
2020-04-30,6582.063894086094,2,19.586596570786504,9372.728699985499,4448.248508977121
2020-05-01,3181.225090410522,4,19.39126245808358,11639.397620796786,2995.40677479406
2020-05-02,7805.588621872198,2,27.567248716210656,10429.465031466652,4551.319004983944
2020-05-03,2196.2978744154384,3,23.154058422773886,-1096.5018637376756,1203.9111256067354
2020-05-04,6173.714187600541,2,14.879065878353975,8851.001847124031,4613.804519980588
2020-05-05,9380.911251619957,3,29.27046283167094,5742.967828698432,4160.170035285956
2020-05-06,3018.9273497386234,3,26.105168477626766,10876.05709454256,2851.952304916738
2020-05-07,3867.4045407944564,2,22.91048851734308,24926.29501301705,3182.5874103856286
2020-05-08,5199.302730175283,2,18.86757950575084,11837.408327371522,3303.0465540137643
2020-05-09,3993.0486917676017,1,15.202803816382602,8432.35156913801,3656.1629656297127
2020-05-10,1898.6731378677346,4,18.138966119644735,14609.007509886262,2122.360199838431
2020-05-11,5137.125949612055,3,25.44374309852093,12413.439436046063,3226.4113105159995
2020-05-12,2875.39257254779,1,29.422931529673043,12100.472452259206,2552.016960160442
2020-05-13,5947.184861270363,2,27.716217641360945,13034.252966078355,5314.342518088929
2020-05-14,3161.151531532393,4,17.55575289106863,20282.71782414771,2695.9619998670614
2020-05-15,8099.86881003508,1,14.401912833554944,4345.557823370421,3960.575422818266
2020-05-16,3433.493415327526,3,20.70443123455602,12368.160384057272,3705.2490307827593
2020-05-17,4355.876967588649,1,11.157803172185742,5368.094350092308,3645.0148708896404
2020-05-18,6627.034434739339,3,21.615838570923906,12777.563231711241,4542.619512252745
2020-05-19,2538.2713671320894,2,19.261987068506656,5406.567442569528,1192.792275266527
2020-05-20,5454.919869208259,4,17.66981749065879,7913.165931974578,4569.665260455233
2020-05-21,7614.285508564856,4,12.026484663666023,8524.550428810468,5459.2216415044395
2020-05-22,1785.033530877545,4,22.568000532848583,14879.083596723545,2723.355419045529
2020-05-23,5369.267717064608,2,17.336495801690443,14592.27221971207,3739.99355561497
2020-05-24,5519.765588496847,3,14.15041582144856,3771.4131177680774,3114.8244771883583
2020-05-25,6563.64574355462,2,5.638688933591753,10274.670554999244,4230.273755648179
2020-05-26,2526.098578243836,4,19.862425474746818,6452.100726254137,2076.871256602595
2020-05-27,2359.0867738314473,2,28.86125798334872,3707.475446623327,2279.277776442059
2020-05-28,6043.883131233795,2,28.30629607273935,8914.914747878149,4356.572190580688
2020-05-29,5593.969346466372,2,17.71451871706864,8457.5860577209,3106.4266923846044
2020-05-30,5500.985700691754,3,16.988939698191096,22133.582431727613,5654.698212498226
2020-05-31,5692.896418993952,1,22.34387128037512,12164.79912680348,4222.028579311939
2020-06-01,3639.9505568430186,1,15.008072804058543,3111.912496228814,2476.5002332542545
2020-06-02,5464.507394322007,2,21.50895949909733,7176.129979145288,4185.888020664744
2020-06-03,5586.144946597363,1,23.830401391923452,15106.916477146991,3750.6570363957976
2020-06-04,3571.2971639472644,1,26.13466611942154,20442.213864349626,3814.8706456673053
2020-06-05,8731.549022289513,2,19.499229617600236,2070.0834388102085,4309.605502307931
2020-06-06,5947.665841823575,2,18.98163124911517,600.3780743047748,2252.439178784449
2020-06-07,2617.3930055947026,4,15.610087066217195,19354.82587685891,3420.2950879923246
2020-06-08,6313.1072172676595,1,15.8655982298007,11948.070886854519,5609.0255329344745
2020-06-09,3050.636659545357,3,18.867605540492367,5658.536340618168,1173.919852135668
2020-06-10,6574.169207484904,2,21.83682753408089,12673.145430612176,4541.042524032342
2020-06-11,7317.191158014808,4,24.567923131166246,-3178.738695084389,3664.6499693494684
2020-06-12,3358.6353632965793,3,15.984105246598276,10016.877532985805,2745.042946299621
2020-06-13,6926.752258488644,1,27.46344284479761,11639.105864215426,4573.769033692474
2020-06-14,5825.561853872997,4,18.644381994787157,14621.350697689148,3728.3722531819794
2020-06-15,6644.12031998898,2,19.89316352825782,4930.520238537311,3934.0948716711287
2020-06-16,8793.585965307895,3,16.263941604260882,10428.435807016795,5063.780969008089
2020-06-17,4509.223767994259,2,7.878798698635292,5372.876869702063,1698.3265983479225
2020-06-18,3492.527671285021,1,24.42022698180525,11276.918778371586,3473.993846434715
2020-06-19,3220.9711407489535,3,23.684219485462165,5523.268388184879,2645.2737410625323
2020-06-20,3368.3794300691234,1,18.593362214408934,7959.495804198897,2508.129120101432
2020-06-21,4845.796581171791,1,20.33495358612436,5020.923026048855,3041.861432652245
2020-06-22,5682.303949633287,4,22.579696088520496,13255.681209118286,4707.337071695104
2020-06-23,5553.381598660038,2,12.187270715567287,14292.255583283326,4319.9049131189495
2020-06-24,6654.366498072048,3,17.354736613268525,8826.897150212932,4664.517215099301
2020-06-25,5026.003783755814,1,23.971323398109135,10191.189974800141,3386.076921260807
2020-06-26,7907.068154314634,1,13.728552884153753,2757.042926832279,4886.903094415934
2020-06-27,4470.686333524088,3,21.467789660833148,8501.616759966064,3248.9444846910756
2020-06-28,10440.338333179237,1,13.217090976882975,9748.976914791276,6293.714538969372
2020-06-29,6251.334695530012,4,22.332149912167633,23103.965455149875,4804.466563915195
2020-06-30,3285.6848871674347,4,19.821792588512583,4440.164871129182,2233.519037106341
2020-07-01,2858.2150038777754,4,11.924340920472453,17320.886193762188,2747.611096659928
2020-07-02,5964.944830486371,4,25.823696772285857,14984.29386732904,4165.542808389071
2020-07-03,4553.0744293482985,1,16.327042116009753,11403.182022450683,3011.100306972758
2020-07-04,6428.000988184183,3,15.948737814928096,18793.102420975665,4562.688144021538
2020-07-05,5946.47524914709,3,21.002845986154714,11860.527363034314,5224.676346984073
2020-07-06,4854.342174686254,3,25.743186747143575,11945.795978339644,4290.894534846007
2020-07-07,3306.41256386319,3,14.920890905108015,9734.396734912274,3589.221795585464
2020-07-08,1970.3055506282708,2,20.30839924923986,16117.844412093138,1988.1205466705912
2020-07-09,4106.970095865958,3,22.144082501652864,15482.346169054419,3640.4609480440326
2020-07-10,6712.797588646945,2,23.46552803631572,6871.613562518938,3399.75289077695
2020-07-11,5428.187488260408,2,20.882207776386124,3403.764027006163,2709.310929009927
2020-07-12,2508.522442576024,4,18.164860804583387,8985.096813021715,1696.7238969623545
2020-07-13,5346.361851702364,2,15.862048896756402,5999.807178011768,3895.1398517628154
2020-07-14,5770.634759457674,1,20.430719415231874,9682.377126923224,3657.7833253118024
2020-07-15,3232.285127597734,2,14.639304940071966,16187.190673420697,3771.115228481952
2020-07-16,5307.450211891056,4,5.393247582526963,7713.49172456605,3728.874047954645
2020-07-17,5116.417436891999,2,22.182799020788337,9785.883093442126,4691.434683744686
2020-07-18,2714.0594043387537,1,24.519674205430977,10290.113674041977,1649.0709254242556
2020-07-19,5715.574720696566,1,8.185337822290808,14242.154411026424,4912.737955126555
2020-07-20,6121.569052736469,1,14.951346476450313,-1234.446669923026,3512.3554292239405
2020-07-21,7166.102486350554,4,23.095771305025988,6966.498526173518,3796.5212539096137
2020-07-22,7107.6041040698055,4,30.287477348558493,11056.418461397363,5167.239314146074
2020-07-23,2244.661264085818,3,20.10396853837704,16000.394782134306,2893.352988623292
2020-07-24,3124.3499201697546,4,16.35998529385433,7540.487762468974,2205.321604884456
2020-07-25,6030.070534417319,1,19.0855177944758,617.2364697906296,2666.99972248117
2020-07-26,6027.571901824417,1,26.874382095740923,13098.557229830682,3967.0743863802577
2020-07-27,6030.095372612095,4,16.770179104377323,6823.188055871853,4725.149557696634
2020-07-28,12705.462981309442,2,16.00403996674873,4051.6667045481936,6760.439974584957
2020-07-29,6141.781021386334,4,17.58628238908984,6878.27305143388,4152.741444841193
2020-07-30,7271.131280361198,4,15.233356958706437,9077.373211720753,4150.576606214768
2020-07-31,6908.003526986405,1,20.613351579973976,6976.276677308936,3764.0642932712735
2020-08-01,6302.782502611596,3,28.123392292347802,-1027.8302854953458,3593.312966610469
2020-08-02,4369.4615107193085,1,21.615396365580146,14485.33098443566,2960.9372876640127
2020-08-03,6517.938440986534,3,18.738232489368563,16374.375206393612,4691.573680428929
2020-08-04,3454.3495709248564,1,18.54094365542228,13257.609956697528,3072.1035810338394
2020-08-05,4526.362786519982,4,12.184045956516714,4311.571647875917,2752.44326356326
2020-08-06,4029.272904341793,1,24.415548885735795,8992.54233026241,2827.085597577633
2020-08-07,5163.748278772645,1,19.61081401493599,9967.393423852709,3778.784453721049
2020-08-08,9629.317133347018,1,19.09760043204687,12993.97194780955,6462.693399406575
2020-08-09,1265.4696148165035,4,35.965537839224304,13341.702443590404,2339.02037828088
2020-08-10,6372.520380749027,4,21.49376454182843,6329.131006107521,3329.620763105535
2020-08-11,1774.5682576206962,4,16.24104474952408,10409.977782067803,1789.0284625276824
2020-08-12,4056.136268421133,4,17.868212018972283,12286.402023076205,3857.076588658553
2020-08-13,7177.901193934733,3,25.742228545983775,17279.11161073383,5767.659574682284
2020-08-14,5128.560038190925,3,20.56635205268882,13522.532699123614,3233.0601984725613
2020-08-15,2844.510444141388,2,12.808610108413166,13945.283436877595,2994.4043769453956
2020-08-16,3569.3925814800637,4,24.59614467287602,10419.133139646805,1841.1565944845947
2020-08-17,6359.195497869352,3,16.65927957230503,17052.29572601752,4910.860700523844
2020-08-18,3539.2667365657267,1,29.36648888108773,12048.813979797487,3926.6349235237094
2020-08-19,5432.91717916395,4,25.400240328573243,5694.560449132147,2815.7082998935534
2020-08-20,5091.143679807627,2,17.763390521706246,17016.849850625953,3832.471641272789
2020-08-21,3696.799304788366,2,26.405081808675565,13489.516362695138,3582.606687630994
2020-08-22,9287.888178650652,2,20.339277552637018,7784.779894357589,4653.655248911526
2020-08-23,6267.8380446360225,1,24.2638683756111,7602.535163003783,3580.5214105134314
2020-08-24,949.7148266847856,3,22.423664086472375,11482.877725703807,1924.5081211122972
2020-08-25,5372.908629538855,1,15.768216725045633,12315.923976337923,3602.7806102310233
2020-08-26,3676.427070463224,4,16.78225083841269,10986.461328156034,2821.752899525571
2020-08-27,6704.866669592448,2,25.149804087905807,11556.543367214426,4883.2955070839735
2020-08-28,3414.9585231345986,1,18.326123339467294,18499.7868728819,3770.363602957717
2020-08-29,4770.527117066202,1,17.981757683790015,15357.715761174428,4056.5425085666243
2020-08-30,6009.974557960914,3,15.224387103253235,10953.177956325122,3933.1663736882756
2020-08-31,6731.510388340243,3,22.117995327967304,14706.552903837417,5024.552841721138
2020-09-01,2599.4071858884477,2,30.312624596215723,4837.380482362302,1725.2065635901972
2020-09-02,4330.997528318103,1,14.662335428728635,11989.635249734045,3595.1313276382216
2020-09-03,4050.1093776780876,1,20.12109728336379,19046.53174866555,3683.5539608749464
2020-09-04,3693.3415348525764,3,27.061102777077146,8909.77052303813,2649.9694428180387
2020-09-05,8530.908480562193,1,19.601793043771423,5761.830356904576,4348.918558999925
2020-09-06,5809.9634219219115,1,22.261858981248672,6739.555557034697,3563.959647559432
2020-09-07,2478.2320913299095,1,14.688032359265602,4551.834813288058,1290.5678984152646
2020-09-08,6835.723894109552,3,22.141535486038244,6076.190459361483,3471.5719214585315
2020-09-09,9244.312394025266,2,19.064278674977256,8147.459507049855,5568.73914951281
2020-09-10,7064.930521102294,4,24.928649978399314,2972.16490410679,3939.744503888496
2020-09-11,1961.2600680919732,2,25.936930257823754,10078.091669748015,2383.069761520857
2020-09-12,4031.5318542674972,4,32.94781821009307,14511.385868933236,3255.8365110605323
2020-09-13,7533.822298373246,1,22.898165866067878,5461.219099265398,4519.649299118148
2020-09-14,3584.6610687624384,2,21.628981582910832,17596.419618208845,3830.1341804972267
2020-09-15,5887.638856292457,4,20.97192150788668,12553.960442637974,4424.899568476611
2020-09-16,6549.2681068586735,3,18.23416853594656,15152.902928120286,4379.820921693889
2020-09-17,3146.139056843834,3,21.692419217308455,6710.8272307393145,2321.903234553174
2020-09-18,4880.9492878763995,2,18.522992949304854,14272.62613533308,4052.259704793769
2020-09-19,-1482.5346801381452,2,20.84230488134807,4540.330498023435,-280.9608263246232
2020-09-20,2951.2247173314204,1,26.5879876780398,14451.237504182543,1880.4560786662264
2020-09-21,4494.863697213679,2,14.967287173601795,10859.196698967657,3415.6930592077056
2020-09-22,2504.433636070301,1,25.69939280564523,12766.25609992392,3637.9778870067285
2020-09-23,8264.82260786327,1,26.585575336699325,4122.026971875742,4367.552924274389
2020-09-24,2139.7172440787344,3,19.409657365044605,5524.650788616977,1261.126117709909
2020-09-25,4119.9110266060325,3,9.390725504957027,12986.141091266923,3547.082974835904
2020-09-26,5261.481154572182,4,16.960890064527838,5258.259978878997,3315.651769413729
2020-09-27,7882.546578132231,3,26.484972732805545,12316.031460495615,5772.792515097165
2020-09-28,2128.275697641121,3,19.88565968850559,3164.3109676987715,754.5234336048444
2020-09-29,7326.327504309919,2,15.003488838525445,14240.871063333341,5455.041333659643
2020-09-30,5020.4661220391745,3,17.47612539385891,3837.383426157455,3191.830046800451
2020-10-01,3036.982697904098,4,24.203100132522763,12761.499688397616,2727.1883593347898
2020-10-02,5924.206948526541,2,22.733667841006895,13128.154668230005,4447.135966831216
2020-10-03,5398.11939114694,4,18.805339504151526,6516.140907852126,3868.483061108276
2020-10-04,3799.5662456824107,3,18.16587794092656,12910.132835423634,3629.6706841918867
2020-10-05,5139.604169980038,4,18.04120925478089,11302.21131666778,3131.51768154541
2020-10-06,4229.37280627648,2,15.387949077507487,7305.7907190363085,3257.483363327364
2020-10-07,5227.034690502496,1,28.07687844734721,4957.2265796189595,3080.00338854162
2020-10-08,6324.261349042093,4,18.3883976539433,186.87154163710474,3220.2937174579083
2020-10-09,8172.033632290704,4,26.085792604127484,11748.250236498468,5301.248914556459
2020-10-10,2524.369002346302,2,27.606580259612258,2175.9861431897243,1408.0222791189549
2020-10-11,9266.066749312533,2,24.9915544907398,10476.720997206541,6279.658378379528
2020-10-12,1095.8244009549962,4,17.841898436409757,8682.758919588754,1377.3133023554087
2020-10-13,4696.4298099288335,3,22.018650451683047,13395.713877190978,3131.115093537099
2020-10-14,6176.634412969152,4,19.879021968045418,8489.772502550679,3743.7174309515844
2020-10-15,5561.983735470066,2,15.48149069634936,8352.761068264545,3707.7634820363596
2020-10-16,3754.6009603588122,1,21.621796408608017,13659.353521441477,3860.3054041129403
2020-10-17,4583.755499285449,1,14.104801044200988,11675.290145420588,3762.6645867636207
2020-10-18,4013.998130682334,3,25.93839694230782,11580.779785913892,2743.303244253265
2020-10-19,3821.2704861115767,4,17.676913513508033,12346.33794904263,4390.831687650848
2020-10-20,6699.2041940420495,1,21.005798279364196,2322.139383964471,3716.6042707343986
2020-10-21,5714.030971930095,4,21.41643935773071,13783.94339993491,4876.4468388938185
2020-10-22,3614.1808094786916,2,18.705475131479613,13062.343970068012,3039.9381324706806
2020-10-23,6799.199750866502,1,22.933469007376374,4916.584357117514,4160.531280398464
2020-10-24,5614.599041753218,3,17.62548171688738,8779.597631628994,4107.6560844704
2020-10-25,6625.72423767792,2,24.356486487286222,9803.463561861845,4905.341479551002
2020-10-26,6259.257683847224,3,13.270101598766257,9327.516077991337,4593.291612571735
2020-10-27,3342.009978155855,2,20.63189789773206,11669.299832842673,3276.6966621884567
2020-10-28,3879.6379196060607,1,29.694644995291423,17156.833909155917,3501.2284496210973
2020-10-29,6494.587210246524,3,14.998343376972127,15408.833638364144,4504.703782319343
2020-10-30,6220.7405308669295,3,16.611275147375743,3438.9040328429687,3623.125551394598
2020-10-31,4958.196812071704,2,22.569539248294575,13110.349951530243,4259.55439128424
2020-11-01,5234.654766617564,3,20.89790890969799,16644.66659767705,4173.423483579153
2020-11-02,7555.32979157685,2,21.753150496367795,11934.042603446012,5506.430454039856
2020-11-03,3816.85722232834,2,22.445935650738317,15454.902125929835,4183.071790065317
2020-11-04,6094.194762340076,2,23.17360734280885,20061.352228503827,4597.989505217992
2020-11-05,4595.614695132212,2,25.548499209781117,15118.547730534907,3394.3566186424346
2020-11-06,4564.637593545559,1,22.049093284642563,11246.542978208645,3339.29047446944
2020-11-07,7197.55370397438,2,18.793711726907286,15225.442370423767,5277.606794296856
2020-11-08,6650.8326979760595,4,23.362868506013655,10724.439165484457,4139.113045503551
2020-11-09,6627.019272001277,3,29.499409674476073,10119.515216424777,5005.412438044136
2020-11-10,7610.957614308658,4,19.33683126808713,8242.928821431336,4844.938803183497
2020-11-11,5042.007683265518,1,15.127353476646793,17817.066794160542,4324.246780516848
2020-11-12,6363.905942589928,4,25.535403346434865,5907.856670289993,3058.5374167243426
2020-11-13,4379.466486813088,3,19.398094180232007,17661.83862339058,3300.849006949872
2020-11-14,5648.332704976884,4,9.136652269929819,12499.320618701857,4216.716704726524
2020-11-15,4739.713891264631,1,24.23710838575211,3003.4691259902934,1606.6297559925015
2020-11-16,5193.991929985436,2,17.323359070230385,11838.246464957108,4289.471652217488
2020-11-17,6190.314050873827,4,19.547333588479198,-500.1325382581201,2969.221582783789
2020-11-18,3363.558633533055,1,21.659901652845075,13127.540084155178,4618.545800144696
2020-11-19,9184.77455137092,1,20.952498398895333,14426.157414944955,7191.3563923279
2020-11-20,2987.965237000596,3,23.5472590856952,7038.220221739733,2110.3348319590827
2020-11-21,2571.6227744245357,3,17.822568147150783,10617.738479777912,2297.0989907391167
2020-11-22,7316.221747000136,4,22.565528990880413,19770.78716875143,6136.436900275314
2020-11-23,6583.325387925872,2,18.702266612080415,7471.266478690317,4892.845873452195
2020-11-24,6248.23963410431,1,23.694052404437514,4705.462064716998,2778.3209000462907
2020-11-25,6256.69101852856,4,23.076837420065267,17408.317012312993,3979.497161560242
2020-11-26,4975.506454306171,1,15.322806489777024,19812.935952653974,4159.861700290269
2020-11-27,3205.491257028337,1,25.42991058087516,10018.478359239236,2898.8052470831117
2020-11-28,5151.609116387453,2,17.32018277442976,15057.31517704178,4332.304889429146
2020-11-29,3645.6765769757767,2,24.040288991405724,16707.379577654407,4031.466002644395
2020-11-30,6950.239466835503,4,21.836436567006704,6287.5788373080795,3507.4124966226054
2020-12-01,4705.885236995723,2,29.19091838397561,7573.470823160658,1955.7368611678867
2020-12-02,3349.0056064149767,2,18.88267008814074,16154.372565773674,3721.4354244447427
2020-12-03,4357.228316694013,4,18.253416019409013,18425.07139354255,3610.048502820585
2020-12-04,5825.862908551249,2,19.902901970561338,12814.404300871774,3187.718242365539
2020-12-05,3872.55089439205,3,18.484101085828623,5600.9282324897285,2571.6485535332718
2020-12-06,3355.559208867137,1,23.99970950971025,19935.305558497206,4070.597975343599
2020-12-07,5487.374422983825,1,11.91844695781706,7345.145510940178,3418.6650412210734
2020-12-08,5489.9331422174455,1,14.731587904268228,8324.31109414274,3350.246646222179
2020-12-09,3986.1136492577407,1,14.660985392104035,11711.689172448107,3086.310724339938
2020-12-10,4057.9233887633545,4,24.75153795986788,17770.80210357387,3624.42567733466
2020-12-11,5464.099874715273,1,28.553066862909628,14269.879882761119,3488.1696763499563
2020-12-12,2103.8313170053516,1,19.477753907312643,12074.327501809552,1904.2558455791461
2020-12-13,2185.0724512468896,1,19.155891384049948,12316.442650590532,2587.0360323278105
2020-12-14,3563.111557495128,1,20.350260815565907,10217.573343217331,2966.487409839104
2020-12-15,4573.1056965763055,3,25.80939151304095,12790.697572592531,3653.13344768212
2020-12-16,5621.815131196009,1,15.36323432904713,-2647.800388471515,2050.3896092570685
2020-12-17,7950.712433899104,3,21.191844913673926,8516.962704651009,4739.320090838187
2020-12-18,6715.3192464040385,4,24.875988148912146,11206.609674583906,3393.475666253873
2020-12-19,4680.122940073145,2,22.505470849699226,4244.929581902465,2856.643307254484
2020-12-20,4961.967584194623,1,20.947908082993717,11931.6165890578,4390.969095718175
2020-12-21,2994.9412707243823,2,25.005230462835705,8977.643895069392,1661.269481894361
2020-12-22,4962.97372801522,2,6.483838535003814,18777.378491577452,4067.509260359978
2020-12-23,4422.682722159724,4,23.38937659765454,17865.098626074283,4165.943550702121
2020-12-24,5645.437120676179,2,16.72962158436288,7670.972154409185,4218.510055151186
2020-12-25,3345.538112895354,3,10.846835515717716,9245.811442166523,2375.2225760658266
2020-12-26,6038.693028482345,2,22.556012997624904,9630.262171958037,3639.1031681037903
2020-12-27,8065.477826005155,2,26.86829272581479,7741.702619201887,3825.7344329873063
2020-12-28,4782.479703086285,2,19.31275742686154,10975.124920140634,3543.0026839539446
2020-12-29,5803.423444197883,1,24.764372736014693,6208.589655562049,4546.3851450006205
2020-12-30,6380.287983422225,1,28.061391289943227,4346.923325312368,3766.621694353682
2020-12-31,4197.559056228328,3,26.574572267920235,13113.556119501343,3402.553107699234
2021-01-01,5448.1849636208335,3,28.199822646856965,13147.647921109054,4203.6184115695005
2021-01-02,5025.18480156359,1,23.71063745535946,5978.421201700038,3107.559582723034
2021-01-03,5195.3521970976635,3,20.377168194507963,14476.777153812998,3641.784344619518
2021-01-04,3453.980432289067,1,11.990170940514158,6842.111354173343,2824.340326494772
2021-01-05,5049.020348517885,4,18.769687559350256,11265.826190189906,3767.0505235897454
2021-01-06,5995.996582490899,2,15.783767023419044,14101.720063062281,4419.1553002208475
2021-01-07,7902.287215590083,2,30.85471358748907,9831.937176481435,4450.339783162808
2021-01-08,6918.541652170414,3,19.120570937838316,12273.704560705673,5341.207305216937
2021-01-09,9306.364915023112,1,20.61602403392243,7417.851780562141,5729.680610637718
2021-01-10,3465.304874223901,1,22.75742688020234,9017.667082859514,2360.5344694022715
2021-01-11,6744.641273441356,3,20.218012231862268,8970.702845598298,4773.225149344663
2021-01-12,5366.684011476704,1,28.475255202153765,6267.108267298805,3064.414938795844
2021-01-13,9379.605866435344,4,16.88675319132774,9116.12918442109,5213.302780723395
2021-01-14,3383.403429289697,2,20.973037276186215,2256.9085056812664,1540.23831020045
2021-01-15,3320.556315638448,3,16.28764707150976,7544.231264289477,1531.6957724112772
2021-01-16,3801.2147091119555,3,13.399887443896471,8575.622533151645,2996.1807868246347
2021-01-17,752.2085513803862,1,16.941154545473573,8719.101237523098,334.4360757278754
2021-01-18,3948.489956638478,3,19.81481601475794,8792.512770646104,2242.155821352444
2021-01-19,3481.734676892604,4,17.8534888774137,9691.179000699356,1675.1765828647126
2021-01-20,5300.787572952415,1,16.53789510063072,12397.20759043032,3849.0334886338565
2021-01-21,5683.511951554319,1,12.968412681640832,14372.585370662613,4205.451123975648
2021-01-22,8752.341678431772,1,19.584472136856526,6751.173865758665,4890.198566412257
2021-01-23,6900.8476763721,1,12.47639812984499,3983.9957230542777,3329.082202969174
2021-01-24,3846.192688675194,4,23.80027981844801,4789.777938784485,1819.5372894795705
2021-01-25,3203.1706573032843,1,20.412198764672517,7563.985394025364,2592.5100197039333
2021-01-26,5983.838343013012,3,12.712242502675347,8240.393410917455,3542.853770994275
2021-01-27,2359.533585958716,4,18.453954614750682,6150.019669012713,1955.9933161101767
2021-01-28,8662.917531708708,2,16.239217972047083,3519.416678750528,4243.0000124645
2021-01-29,7358.880241442574,2,21.5958725520959,7719.395862629059,4544.6706656249435
2021-01-30,4061.6486957905904,3,26.70225223011572,10907.133100569858,3776.746901833325
2021-01-31,1573.7309418182442,3,10.624137651771278,12975.147329177824,2379.4255177884734
2021-02-01,7707.744748330827,4,20.575130395737087,7212.884734458394,4372.2114515425865
2021-02-02,4770.920309494764,2,19.199336022166797,7935.010889282829,3310.0806624558454
2021-02-03,7475.632623946924,2,23.356700382252328,5366.508455763446,4157.070240322925
2021-02-04,1811.1446824112659,2,21.065983141188447,9842.804148126117,1896.4994466797275
2021-02-05,3801.249954092454,2,16.240153341305906,5757.856829045927,2315.8291492106982
2021-02-06,5010.487399436366,2,18.40473032166691,12865.639066206,3712.0804764282543
2021-02-07,5093.961187529484,1,16.019870715982556,1070.6675403294441,2761.996011406373
2021-02-08,4099.869057041513,3,25.38003569299299,8201.851637737689,2376.8783460728496
2021-02-09,6245.699864694998,1,20.10655824335971,11505.53669595871,3767.774844272717
2021-02-10,2864.759141234811,2,29.505953428765036,10919.172581612522,1833.576147205929
2021-02-11,4715.241029957413,4,19.696695930926897,23465.168319902485,3907.1714643101923
2021-02-12,5240.5912634237975,4,16.457966165447687,11749.000122839538,3189.4000945021576
2021-02-13,6028.877668117498,2,12.431428036935865,4979.727015789951,3593.985931843502
2021-02-14,6423.22975617778,2,10.984301618720275,9522.678764554636,3719.187426960283
2021-02-15,2750.715816324262,4,12.079320284972551,1118.76833266774,1746.4499055729502
2021-02-16,1931.7716585287553,1,21.335633255057417,9597.001253516195,1945.376392317784
2021-02-17,7555.353643797018,1,22.54362511614967,5834.719714996207,3379.451049190718
2021-02-18,5664.628023959183,2,12.094046489839332,14576.95137780081,4619.306346519501
2021-02-19,3503.026926886893,1,24.475191570380577,7252.2986270223255,2884.890168098572
2021-02-20,8102.303951045046,4,17.5846947415828,9416.170421023768,4498.7961496816315
2021-02-21,5231.349268585717,1,20.733965059927748,6822.210792977983,3510.3648815441456
2021-02-22,7358.594368127653,2,28.061103141277123,18694.256759266656,5123.87985160002
2021-02-23,5135.036962820218,4,24.48419657932766,8393.786169410441,3459.3807063832533
2021-02-24,9121.495849763975,1,18.657346760470837,19162.78521739601,5846.942977820153
2021-02-25,8510.68168488641,3,15.544038872923563,14070.758810591333,4768.317901122341
2021-02-26,4502.071703041853,4,9.240922993353475,12410.33363667693,3302.7847126814704
2021-02-27,6943.141901908711,4,16.4042334037879,11843.665736587598,4596.913474816076
2021-02-28,6290.7518991702955,3,18.944348805861527,11968.986491081258,4146.229186766558
2021-03-01,7737.263115064698,3,15.064102364244082,361.6371032719501,3315.186398984689
2021-03-02,3070.153078839791,4,19.343715164538477,8605.583029246218,2198.8196827954025
2021-03-03,6372.102919996879,3,20.384259414793842,14225.789855921608,4746.216247822447
2021-03-04,7116.848973699176,2,18.875720090959607,9755.514082629472,4514.016952060362
2021-03-05,1482.5210271537715,2,16.7499870958827,2974.0507659821246,1132.1911041842932
2021-03-06,2633.48297466845,2,20.84327335983364,9737.977747112653,1958.1659891543572
2021-03-07,921.5356444797989,4,22.209703247847045,18520.527581277456,2902.1005080505097
2021-03-08,4461.186331110885,3,14.54800461278577,16234.458577673597,3268.30715550669
2021-03-09,6435.084511591924,3,27.05466189873135,9689.97995316984,4433.925865846179
2021-03-10,8004.714104192056,1,19.507059338578692,14757.246385290433,6071.277943038911
2021-03-11,5148.189560839551,1,20.094248114724238,8167.464898159741,3633.60474142167
2021-03-12,8257.231091142583,3,23.541072116282788,1480.6420658664053,4178.671745837145
2021-03-13,2239.797083570217,3,21.166080656317508,5377.670059352228,1396.5336324544737
2021-03-14,1593.2351212896906,3,24.765683169566227,17814.44384254099,3099.482338739029
2021-03-15,4888.904602206762,4,21.43562082600912,8630.034590853478,2599.3118596404934
2021-03-16,5768.130897878615,3,16.93781312679781,8783.08010312491,3279.9051103746565
2021-03-17,4934.610503811814,1,21.80751762603051,8500.809018625598,3121.0880227852094
2021-03-18,865.1157999202468,4,14.281368963396691,19520.682947865036,3006.0812103989656
2021-03-19,4821.759920974423,3,20.542798528882617,18129.794576810316,4416.69751604158
2021-03-20,2391.0609989902937,1,19.833850046777695,21093.90116724067,2823.181121968769
2021-03-21,6339.345097660077,4,18.959415713637302,9204.773947999744,3938.0920325089246
2021-03-22,5733.196492193697,3,19.357312442805345,11478.122443735476,3710.0846496665295
2021-03-23,3120.2404273452894,3,10.590754772511804,2416.7872528960443,1448.863518322733
2021-03-24,3972.2661653266127,3,17.256375461295193,17384.67213059137,4216.670712546963
2021-03-25,2881.5729562220968,4,20.464224505705573,4161.102243660325,1174.2715602958988
2021-03-26,4874.641805453656,1,20.799281959987002,11083.877818813145,4352.479040671328
2021-03-27,6910.284641002477,1,14.86162429537021,4513.48736183578,4322.392064206665
2021-03-28,3028.5479073289125,2,26.3285392043235,7055.66586630652,2768.50422951739
2021-03-29,6008.093031035689,3,15.669125758927496,5813.687844751498,3356.412456556258
2021-03-30,3939.4847632551187,2,24.847286002633684,6960.623696620911,2593.9191203503588
2021-03-31,3414.2543354753116,2,22.135971809358423,7304.3864842551075,1723.8035060817465
2021-04-01,4785.9392800908845,1,16.768863450780984,7258.656025374615,2858.4809253945805
2021-04-02,2929.515355161252,4,28.876554463047558,14166.669558901536,3132.3397127386597
2021-04-03,3892.701389305636,4,14.0318158412176,4475.686034687399,3044.5540105963782
2021-04-04,2604.244214822303,1,24.595770868050007,11102.707135069335,1861.5739896036644
2021-04-05,8929.450265832778,4,25.002911590214893,16089.795761527792,5894.652031735557
2021-04-06,5070.527103943457,2,16.646898954616777,7434.01817743302,3205.2804494942316
2021-04-07,3600.5489840148293,3,26.962326500321645,6410.405546261991,1747.0166781874032
2021-04-08,5427.959821468444,1,18.749767427005235,8847.376874098745,3896.5671957659974
2021-04-09,4775.343900618341,3,21.443468146399287,15898.62604180355,3618.5837354328614
2021-04-10,4558.060800933555,4,21.301609193856102,10970.53815476679,3281.71920127433
2021-04-11,6228.333400086851,3,19.32845629264726,7343.928526962008,3625.4177124129524
2021-04-12,6515.01542009461,4,24.05404136579891,12419.383255940198,4108.382186918067
2021-04-13,3938.9977047789453,4,23.967443602761065,4488.539250817884,2418.42702909126
2021-04-14,3848.36351871064,2,11.257340133809096,13406.797552214739,3158.782459306163
2021-04-15,4449.896605696712,4,26.521701214390763,12043.036538508837,3247.175185681346
2021-04-16,396.15767052883035,2,11.687540059821629,8460.95764430558,681.712542860784
2021-04-17,1969.617875602896,2,25.162731021708286,5807.071007763844,1728.3946470714811
2021-04-18,7733.748534889049,2,25.633525684137915,5566.595388582713,5253.505793117352
2021-04-19,8289.935427002567,1,14.54516784892401,12674.086681729552,5484.0745148786955
2021-04-20,4501.927920887243,1,17.945928560227077,16144.90251244531,4365.607911999739
2021-04-21,6153.113926111533,4,14.47147665757032,6813.461264856025,3065.4392746303947
2021-04-22,5622.500309087072,2,18.925394848556323,12291.933517757421,4121.816765451019
2021-04-23,11157.761616910475,1,18.459828579071292,-435.1350930103437,4988.8291225265775
2021-04-24,7239.1498228691535,2,23.898302661346698,7076.911346714002,3591.793412606161
2021-04-25,4744.164817038467,3,26.551543730598045,9844.70533564549,2990.422392727324
2021-04-26,3088.9191187991487,3,26.978419053949782,5451.582915090832,2689.165360020839
2021-04-27,1787.107359484855,3,17.18915986710849,5317.468126052021,1902.9273226691632
2021-04-28,5406.927271734447,4,18.95389063127736,6661.10221765557,3494.1716077231076
2021-04-29,3487.298509431393,2,11.582809038895249,11460.963641631866,2125.153619837807
2021-04-30,2155.492580804652,3,15.970649667519057,9063.354907968127,1888.4385204719224
2021-05-01,3706.8542315149466,1,24.824258165487286,-1191.1561666248604,1887.9439293624039
2021-05-02,2836.9039927712097,3,28.07791411774116,-603.5007631753308,1449.5778262691451
2021-05-03,8374.28327014513,3,13.82825564060039,6965.674110714124,3964.0950799676643
2021-05-04,6763.279513898901,3,17.037678704235528,12288.43293026776,4167.927893836715
2021-05-05,4984.0547173667655,4,19.867971215205365,-3737.524213626173,2089.422852367927
2021-05-06,7959.888277780053,1,21.40080579409803,7501.349119241847,5000.664586152216
2021-05-07,5154.736615295236,2,15.951982400391769,7368.760717412894,2218.3756670789735
2021-05-08,3277.4315973434727,1,22.12030522232045,16941.68889104224,3254.3347305582633
2021-05-09,8046.248154539315,2,17.63080326464542,8074.890941435682,4904.500636679167
2021-05-10,6077.820087369318,4,19.927738645608603,11914.944923704643,4658.40330417779
2021-05-11,2925.507691347087,4,22.7314212400185,10706.285700437316,2883.2843499599953
2021-05-12,4619.322643832784,4,20.032111349054688,-652.832399036003,2538.8669525521
2021-05-13,3248.763493230485,4,17.818070547367157,13841.036083158686,2611.496908634881
2021-05-14,2234.4005380713274,2,19.451950980370846,11076.98252728144,1273.4426483001912
2021-05-15,6852.3550950632825,3,19.558185203973323,12541.343198372948,4486.641307358633
2021-05-16,8818.833280940262,2,18.14994485058936,29631.188532181633,7875.766400777634
2021-05-17,2202.8648523617176,1,18.706019686664487,-420.56469749294223,1758.2738221624468
2021-05-18,6125.938473381142,4,27.993235852523586,18623.483248805544,5284.591436305271
2021-05-19,3698.7148617563457,4,22.804597239706194,8562.762402998222,2923.784542302833
2021-05-20,4025.7492324706077,1,18.522598409854197,11436.644522015047,3348.511152470777
2021-05-21,3815.2121515222616,2,23.484772022553678,9772.43877349379,2609.7390569323748
2021-05-22,3272.0184606403677,3,18.33090255121995,7878.818333009783,2361.5940070994743
2021-05-23,5097.043255889654,3,25.865623187933206,7150.835358806207,4101.626489057407
2021-05-24,3338.0997671779246,1,21.84821096099047,11647.543677865046,2365.0100695756278
2021-05-25,5540.913651559677,3,19.463489279978855,2414.1315166416043,3822.1057217269226
2021-05-26,4899.523781101726,2,22.238584629051388,13752.895837608829,3666.861255528622
2021-05-27,4522.103906267181,2,12.145619239657503,7919.02797557373,3717.4853671624687
2021-05-28,3184.8726759168044,1,14.366162655450974,4349.653304798211,1325.7307799549994
2021-05-29,3846.4573388633344,2,14.030374968004724,7749.935710020932,2993.1773785128853
2021-05-30,6510.782451651512,4,20.714715473818533,16285.746084312865,4518.852237830613
2021-05-31,6001.834375248762,1,28.66257499742546,7323.324564918883,3028.7823056539182
2021-06-01,3044.889510402898,2,31.15650073096316,11792.268091048101,2814.654235584828
2021-06-02,5198.664610858452,1,23.190255507203787,6345.218621422634,3741.209087420194
2021-06-03,6502.774246743578,3,22.504222374722286,13789.609249618097,4211.027751274323
2021-06-04,1661.1894377572564,2,10.994711329236305,13427.53869395102,1425.5400791774532
2021-06-05,6086.72038475987,4,17.28663100132989,19243.044166482057,4924.670889960796
2021-06-06,3674.7524821083066,2,16.061081240458805,9122.180272503923,2708.082712040001
2021-06-07,6141.197337186319,1,16.89576200874442,13343.274023789532,4681.075460950237
2021-06-08,3473.4816869149663,1,19.159280907076052,10490.337697694722,3262.787826999907
2021-06-09,1390.235798670962,2,17.639547111514364,16479.358909315073,2315.710154341893
2021-06-10,1744.9151242336748,4,10.103500948121061,6405.838061956349,2443.003375804416
2021-06-11,5096.169893322764,4,23.73955128058767,13725.026564386406,4036.2789304957273
2021-06-12,5519.445003442964,4,14.636284871300967,9026.513519416592,3491.8242291468214
2021-06-13,3191.366749791183,1,21.196234320555746,9679.059114457512,1760.225230221984
2021-06-14,6277.184917554748,2,30.370413348749867,10458.762422241864,4056.7759821783516
2021-06-15,1676.9598754620802,3,15.403077042067883,11261.201982133387,1798.8469709430174
2021-06-16,4867.840402705367,1,7.348562386268352,9418.85478439021,3856.9929341710667
2021-06-17,2577.9676004750872,4,18.569978890599447,11073.56591585263,2630.6392017452936
2021-06-18,3696.3277843956816,2,25.504798174992857,17890.590287810923,3050.6888399801237
2021-06-19,5094.797342632828,4,29.79173727110297,14927.248428076093,4130.429881056652
2021-06-20,3279.1732694320954,3,13.852252027737915,14345.772962484483,3412.214742031797
2021-06-21,4230.888911540349,4,22.483496116182607,7722.302369880646,3655.1387220637735
2021-06-22,7012.585618428881,4,17.673447716099734,5553.795858858378,4508.391723578919
2021-06-23,3846.2162609537027,3,19.47025822847932,14776.502791188765,3784.028762574315
2021-06-24,6671.384224130284,2,33.221716735085174,14380.233962648972,4807.680677311128
2021-06-25,2740.5862906847638,1,12.485148358024233,17363.35337875491,3302.3330007654
2021-06-26,6059.608355830565,2,21.268698307472867,6980.096870153852,4355.293185114494
2021-06-27,7883.137241315801,3,22.338465858827167,8852.256723198265,4163.539440823785
2021-06-28,56.710999745421375,4,25.428931624696737,1802.5791873728292,37.636648163985285
2021-06-29,3406.2094890590465,2,20.48991576735448,8037.644469695635,2123.2338086977015
2021-06-30,6154.14425436108,1,21.54025269752051,14982.852552897237,4767.387967103078
2021-07-01,4593.909227914015,3,18.041757162891045,7667.52310385901,3681.522187884592
2021-07-02,5742.291746742618,2,21.345634706225535,13202.398976004119,3895.633191081806
2021-07-03,3792.0296265683587,1,18.28403862251295,9047.484470010942,1607.7394804128057
2021-07-04,5173.1795749458,3,23.107859449280255,11620.285141107803,3545.718715016373
2021-07-05,4688.645529215841,1,18.15194831978183,4261.543050921663,3229.3291305407683
2021-07-06,7335.564123319615,3,21.885501969510933,10426.047248169505,4982.290288148649
2021-07-07,5508.841686602426,4,19.853685931575107,-4955.679854503616,2476.1313503492966
2021-07-08,5675.2053241504045,2,25.63025125386084,9065.519209190075,3607.320957182356
2021-07-09,4176.246067755065,1,19.74303138205757,1847.6337814242993,1635.6453470482752
2021-07-10,4024.787551855013,3,11.134837658965592,16029.97258273408,3875.051678779045
2021-07-11,4134.883624360758,1,26.309607503569957,13887.036763822556,3041.93554429568
2021-07-12,5788.904284756593,1,15.471338495686906,12333.354909830405,5221.683133901134
2021-07-13,4158.031038359474,2,16.7311683067559,17605.0311357969,4127.045353767361
2021-07-14,5579.549713792826,4,17.02169352978254,5255.417395875814,3027.894614559997
2021-07-15,9150.801597290876,1,26.872190465854086,18736.81598957779,6146.376992955489
2021-07-16,6742.249406863385,3,9.32162893010652,14660.957821301923,4792.580545148101
2021-07-17,4347.952935664318,3,35.68874266829997,8817.22356390527,2940.416737478641
2021-07-18,7402.42784432789,4,25.28028404533026,15678.10073591472,5831.168911924928
2021-07-19,4183.849253956897,3,21.1161945706458,4468.532437941829,2634.997575101719
2021-07-20,923.7509296442922,4,19.725529996918567,5877.429192361632,686.9750676037372
2021-07-21,2983.827378165192,3,21.427770374288286,6957.051383801498,3135.881947078066
2021-07-22,1258.4161579482886,2,22.605612141896692,7355.111459679923,1392.2339519164377
2021-07-23,4296.973031917382,1,23.226077929750286,4717.211786198736,3007.250140355988
2021-07-24,5036.836758379103,2,22.778022330017244,16115.415335476626,3828.7244612478357
2021-07-25,8352.874624550566,1,20.447903406276243,8705.727998150842,5230.912716303257
2021-07-26,5653.854747528325,1,19.01330789846337,11762.524841784398,4160.936184304046
2021-07-27,4561.798942382272,1,19.243633581732443,7148.243167931597,2053.123505294392
2021-07-28,6658.811162366978,2,19.025458598236597,896.9834972574142,4429.244031999374
2021-07-29,577.7293819842297,1,25.668850484335323,11350.28679195711,2072.0824856975332
2021-07-30,5471.229116217132,2,22.96778361140431,438.72512290111575,2583.786190686824
2021-07-31,6541.730387773934,4,5.298056826678598,9656.829769572658,3687.1431062989727
2021-08-01,2042.827508440317,3,23.279503882648804,3158.4248058359476,1514.2649920937943
2021-08-02,7287.508086413858,3,20.973680973593876,19936.37999615404,5683.738260626891
2021-08-03,5676.992814988828,1,19.90645621777051,14556.813610873609,4474.302888485167
2021-08-04,4169.424172198397,2,18.05740773455557,10528.768956357402,3235.783420605439
2021-08-05,6265.563732212569,3,25.62056359993007,16318.533388273343,5021.217755946576
2021-08-06,9541.385715608792,2,24.737632310614288,5768.420112671321,6074.261481998494
2021-08-07,5363.73251011699,2,16.135611660881956,12717.396893350466,4239.871108123953
2021-08-08,5496.441172600672,1,22.035261435622676,10999.052168593567,3325.8015798482843
2021-08-09,4081.2782009195116,3,15.14171632729357,11320.10040666835,3856.344739115546
2021-08-10,3300.3112610704165,1,13.101909176055349,16361.767500533839,4108.249853250341
2021-08-11,6660.671633088491,1,16.866413877050174,13662.460513899012,6274.596876577895
2021-08-12,3287.8323481822654,3,24.311967361913794,11443.618314125117,2229.862185620037
2021-08-13,5143.132474438785,3,24.765625226880434,1725.5628188585192,2868.9400882030704
2021-08-14,4044.6851064697667,4,22.565427100486463,5199.768523602681,1504.7265967107066
2021-08-15,5957.959651492784,4,23.625478934239986,9386.45533202138,4197.762485031559
2021-08-16,5667.324210573897,2,22.58089143557479,10466.861871383257,3609.106232485445
2021-08-17,7075.079888515799,3,16.792592023885238,4348.9813766303805,4936.740238535803
2021-08-18,3979.9672022905056,4,22.159612723369705,22058.383377892107,3811.9304151975102
2021-08-19,4460.250129413257,2,24.002047626138413,17581.970276267864,3146.730778112398
2021-08-20,3042.4725684353853,2,23.771456649067872,13010.591601962418,2589.640719727581
2021-08-21,4111.413479847777,2,25.944566857373214,10360.184306418725,2107.1757416429296
2021-08-22,5754.600986089704,4,23.541519236005318,8938.95515049424,4150.299887271532
2021-08-23,6513.977233290704,3,21.757241037707914,5240.407699888822,2751.563587609845
2021-08-24,3155.669351644749,1,25.350751191582138,10387.402592594313,2633.638800792544
2021-08-25,6739.21184021132,2,19.8673937037547,11288.762700713753,3462.163019619312
2021-08-26,7711.275717609902,4,15.59062674386141,3791.1971225918783,4077.3677314702036
2021-08-27,5826.869806447402,4,19.18466518028118,11670.882086224487,4905.330656266445
2021-08-28,8753.591625116132,1,16.275486775967753,9223.704755876257,5481.417782541187
2021-08-29,3452.421601792854,1,16.62410862512809,460.9622106130451,1342.5226303377772
2021-08-30,2510.690593377166,4,19.27740664642241,5698.074946102491,1812.6787874939325
2021-08-31,1442.5595021914428,3,16.037900395000193,7931.972332891779,1525.9892104466228
2021-09-01,7992.088622978366,1,18.4601923518048,19438.438286700948,6178.349332316161
2021-09-02,6308.731312708115,4,10.531926665231072,12782.76562266879,3751.466229647047
2021-09-03,4888.83065817909,1,21.066468536864694,3322.5921545005453,3075.3648283169514
2021-09-04,5559.937252639641,3,20.006027376811122,12430.181447088185,2673.691557964933
2021-09-05,2749.021905403247,2,15.914556844659046,2263.4800553081723,1288.1081377350015
2021-09-06,9891.503959233652,1,23.296228342162024,15413.455269435366,6245.590208168807
2021-09-07,5258.442363950455,3,24.68785068813279,7644.376740910607,3713.6910541707207
2021-09-08,5218.789589209786,4,11.96220067815513,9531.819056304146,3576.2883466415574
2021-09-09,6451.533247797384,1,16.18637610716893,16628.983237710952,4187.802058352361
2021-09-10,5962.018463473427,1,16.15428825106351,3564.18215707875,2846.846313361187
2021-09-11,5447.768048558262,4,15.300484494455677,3014.4090744350437,3127.3949849457845
2021-09-12,3419.0510891093763,2,24.147374209658743,7082.003368269976,2381.2069478703734
2021-09-13,5942.936714271991,4,19.030869306135983,15191.894255096582,4204.198814758394
2021-09-14,8764.048992950067,1,18.677425793446947,2403.269622615787,4384.1023065599675
2021-09-15,7690.840092309955,4,9.980688177966233,-4160.777990552849,3779.624314497134
2021-09-16,8186.373253278794,3,23.177090151046134,7744.205707955006,4611.978620015395
2021-09-17,3977.5686471376293,4,13.803708025732638,12758.703999554602,3223.189472312312
2021-09-18,3020.790359482838,1,20.299663151331643,16001.308748694146,4197.824314966238
2021-09-19,4748.426159800703,4,21.38688468979096,7684.193189573005,2434.12976888467
2021-09-20,5111.449824577389,2,26.803292979193255,7942.866964419987,2427.3705722412833
2021-09-21,7188.383036941897,4,13.455898004404439,15769.503671278737,5565.482307798566
2021-09-22,1615.0707405703613,2,4.902439220895873,651.2915015228971,534.4332337125084
2021-09-23,8059.100638921227,3,20.919247723768475,8057.396124084954,4679.163092770176
2021-09-24,4683.984202842021,2,29.002555907554267,10952.119449625288,3050.1261129087375
2021-09-25,4146.23786010516,4,26.19473176469719,12246.093606425171,3171.64769348781
2021-09-26,2975.7912494796647,1,21.048297076373128,7450.966534045587,3034.6661639001986
2021-09-27,1690.2866562684603,2,17.541819071839765,10172.205058529207,2265.7822452033943
2021-09-28,6646.341167923829,3,24.035612983186553,-2441.6367670649474,3513.422224497227
2021-09-29,5146.635934376808,2,15.132269001477656,6708.757938330758,2538.193460025305
2021-09-30,2420.078200517892,2,22.381788846781095,12267.543562772336,1864.0547671444228
2021-10-01,2409.842455872768,2,22.527350795833133,5088.529828726602,297.0876161459139
2021-10-02,4328.430601419744,3,25.3010495374944,10294.921107947986,2792.447105917043
2021-10-03,8338.043050578786,4,33.79830019455539,12234.362504013488,5875.389198903027
2021-10-04,4480.817297272791,2,21.962079835893835,8287.253995711175,3330.4035140652877
2021-10-05,1993.7140937637876,2,17.455181871462507,10852.318854982854,1973.6778190912632
2021-10-06,4508.513871828112,1,19.87212843904003,5186.337173576939,2764.027724256628
2021-10-07,4454.552860504659,3,11.15462047555441,8966.943601519766,2781.543481164159
2021-10-08,-393.77328588314333,2,16.52643434455471,13051.080847946112,1212.8535264883874
2021-10-09,4891.410266964375,3,17.95358780943448,10784.864804842171,3909.826112487656
2021-10-10,4538.130939582644,2,17.379558010327038,7067.343652180322,2170.1943971051505
2021-10-11,6392.412729626837,4,20.76177436016861,11121.082021453965,4461.414588313506
2021-10-12,8697.91218989069,4,15.887900338088997,13573.04895318309,6175.267215774797
2021-10-13,7253.130059095515,2,25.605153336622358,-249.70639288738994,3397.2047611109965
2021-10-14,4462.222618890339,4,20.001035324590987,15795.37032477949,4164.198751515869
2021-10-15,2786.94818251666,2,19.95349839430687,8318.72630659464,3635.2692939935014
2021-10-16,10146.71960649972,4,18.36052641743541,12127.449666201152,6236.969426018273
2021-10-17,5118.436868028976,1,20.775953419294897,15986.234618226139,4356.873016181694
2021-10-18,5027.858583825892,1,24.125491323338174,3141.6315138476702,2461.7764505993514
2021-10-19,4951.749825779993,1,15.664348921445498,6452.794987862267,3213.6464278693934
2021-10-20,5396.16952153571,3,16.709417554623716,8557.256520621477,3786.5171670766176
2021-10-21,4711.279176152115,3,18.481369856116675,6081.232394377858,3063.932134634524
2021-10-22,3852.6759862395274,1,13.270645382633926,18674.68287918404,3285.585685722003
2021-10-23,3906.2821175192157,3,15.90371070139251,5716.139530866036,2630.4262685790763
2021-10-24,4934.493459568003,4,17.618895632276704,7222.266102565667,3923.5331989626143
2021-10-25,3913.15045773247,2,24.371945903563635,11021.945158014883,3286.1248215153432
2021-10-26,3574.3084346456712,2,21.312806645009626,3989.252369619556,2669.8043294852127
2021-10-27,5212.860455383794,2,20.967949556837723,8021.59644121868,3292.780681763135
2021-10-28,4490.04556515829,1,24.25448981083986,11587.266306250875,3781.424981897172
2021-10-29,8007.985977165376,3,19.313141058003016,8335.697978087444,4980.0280196054955
2021-10-30,-301.939616786024,4,21.952324249644448,9533.065705500258,330.27662973836215
2021-10-31,7183.013703844924,4,19.48389123533752,7353.339437758144,4489.249687221248
2021-11-01,7492.170384995258,1,21.326811746998143,2427.648454096165,3495.4343873617904
2021-11-02,853.219535183701,4,17.08620671194209,11607.966056696192,1273.874856490268
2021-11-03,4314.624811839302,4,7.805914208617855,18774.66535823621,4131.42368681032
2021-11-04,4257.118268008417,4,19.32860418906848,10092.008153917192,3289.514946504896
2021-11-05,2184.9766105643575,4,27.1137406804997,11126.320586237747,1614.4155054354392
2021-11-06,3444.3666248182494,3,24.63107701120796,13463.613775584297,3598.900683260114
2021-11-07,2778.8483090683426,4,24.826987422955852,3653.3475172665044,2044.4447441533537
2021-11-08,8504.540886847246,2,26.18065360903109,18512.573290648026,5754.381620043888
2021-11-09,6871.356786294922,1,20.44328795480719,11011.64398211401,3770.394721929756
2021-11-10,7543.110189988318,3,20.98657853702798,18159.284495445543,5518.029912851701
2021-11-11,6443.34412808647,4,16.91174052282825,6334.8350223800535,3635.0748834029428
2021-11-12,2741.896457565542,3,18.41963571986475,19090.309612789122,3339.2913821601815
2021-11-13,3950.9594674404525,4,23.07885574885571,13875.777470173914,3185.0070357347204
2021-11-14,5978.749122455836,2,26.019422185844082,12765.200429261791,3265.3681160001765
2021-11-15,2555.7443822161094,1,19.302768621595003,11170.12227176574,2202.941225996209
2021-11-16,6425.996860344776,4,17.749053675742942,8757.356909627753,3938.8994709685808
2021-11-17,4519.349203683731,4,20.002639794282988,16002.658292369362,4179.971207445259
2021-11-18,4250.3583849008055,4,23.006033744645574,10701.799349240235,2849.759893443366
2021-11-19,6421.919936406984,4,12.78072591933229,164.6514820642364,4069.2405256881316
2021-11-20,5888.52662297208,1,8.51909523431381,4414.067691464987,2431.001714830092
2021-11-21,4278.06766836184,1,17.247315752542082,9070.771239036265,3703.7194385611137
2021-11-22,7318.659606728496,2,13.896437870429207,11549.994915827774,4704.159453295016
2021-11-23,2837.8733448002054,1,17.459299011763445,9717.057555500522,2822.4807940231094
2021-11-24,6231.871213888528,4,19.26109840591264,16094.853948968317,4768.4478537110535
2021-11-25,6186.202515936768,2,17.733757954884933,244.4906798068758,3689.7014697572945
2021-11-26,4380.907121372019,2,27.262337672353727,10717.9396825258,3071.8927804294194
2021-11-27,5652.266044484236,2,21.6337238230116,910.1038730642264,2370.5965693419357
2021-11-28,2497.772847229394,4,21.502371798054142,13798.561477420842,3342.344952172118
2021-11-29,6848.054038413802,3,23.11103572021701,9527.706427789986,4323.268442616851
2021-11-30,4630.195727114022,4,14.305834411096154,12098.04986012059,3638.312669822285
2021-12-01,3954.553958961921,1,25.195558937101342,5680.585197051169,3165.531012102185
2021-12-02,7098.018451673778,1,19.6211785673227,16397.324658288755,4675.02618847528
2021-12-03,3591.3126189144814,4,23.352403086206063,15208.623320294257,3617.7993306149156
2021-12-04,2183.0774072728805,4,14.640713834799223,12917.721515059438,2091.027548294419
2021-12-05,1886.7416529521925,2,12.231206169919679,9352.413765682797,1814.3506458391819
2021-12-06,6212.01990269128,4,24.089448290125144,12899.28642647566,4435.687021514363
2021-12-07,2439.1412950074337,2,21.882047630487584,6465.537160063255,1118.801637549623
2021-12-08,8509.588363968729,1,15.489742228212448,14277.77829510356,5295.002464307325
2021-12-09,836.1411842325559,2,15.651684593626529,18247.404471619604,2920.512653944171
2021-12-10,8392.912736580076,4,25.627173922073847,15353.052799895931,6178.619959964236
2021-12-11,5422.0349344052365,1,14.05294053566336,6351.987650962952,3316.601737688862
2021-12-12,4806.573776259215,3,28.213364766279817,11807.086586365514,3709.2786124992335
2021-12-13,3910.161826382101,2,15.496896326760655,3534.2922812067613,2163.538578126174
2021-12-14,5798.2722287041415,1,23.191959628041914,12861.951555878379,4866.242158816704
2021-12-15,4924.730595150303,2,18.356907621255075,12253.017064312695,3589.926405871465
2021-12-16,7206.603764033044,1,23.015937155411716,650.9183023391796,3786.916352033405
2021-12-17,5228.455297324079,1,17.279429989429037,4191.080780438181,3608.3787417758335
2021-12-18,5300.603522923755,2,19.18603546963853,8584.305516281165,3122.5651742140044
2021-12-19,4272.775575572288,3,20.204595876978605,8495.701264295869,3768.272966051876
2021-12-20,4886.108752557865,1,14.989062721092637,3952.6153229059737,2074.884109969951
2021-12-21,5615.603537784118,1,23.704121727100627,11944.89364676092,4819.782611297261
2021-12-22,1579.6632146867494,1,17.433932167642073,11257.368044702562,1731.2740130544075
2021-12-23,2303.629155788574,3,18.857000423299908,9028.654340107403,1936.1163380347164
2021-12-24,6486.52818804543,3,15.02825312695744,6221.042499208185,2922.7660836647583
2021-12-25,5341.730876255884,4,7.1883317060234475,15243.535632082818,3969.7404758179796
2021-12-26,4632.033327294642,2,19.044861186999157,18277.035565441478,3626.3214407967266
2021-12-27,5036.867866130787,3,32.063077108064576,7582.192580767314,2976.936326166195
2021-12-28,5695.163410723342,2,23.923021439490118,6939.165414225897,3475.83506603377
2021-12-29,3920.480639381277,4,19.903698101328025,12456.038327059981,3687.930329443222
2021-12-30,3443.3905491953747,2,18.68554585395866,8209.853101265067,2648.9508150099027
2021-12-31,5391.6905101953635,3,20.11232946406023,9303.013996683829,3782.896214413028
2022-01-01,3043.254444769936,2,22.73559557587605,13698.265758623356,2346.56766338211
2022-01-02,5816.5055114289435,3,14.095935923455777,453.219562463536,2515.507260751806
2022-01-03,1594.8327915243192,2,25.571608473344362,16591.511624263345,3359.087228211484
2022-01-04,7058.311274651287,3,23.57690657720622,10363.402621646706,4201.153072766412
2022-01-05,5945.194964826086,3,23.59092862853967,7942.534277189099,4598.214129023455
2022-01-06,5512.059468627751,2,22.192378694048635,9553.829228892755,3592.7012956321223
2022-01-07,6965.381967891028,4,20.09808328846995,9812.146775102594,4468.259437856373
2022-01-08,8330.948888925153,1,23.3643061798341,1343.993482775373,4837.692803473064
2022-01-09,7028.740130036261,4,22.95907066870689,17474.691137266178,5901.281296780948
2022-01-10,1318.2515373367094,2,18.22979644529488,10206.628161353092,1626.8052843086496
2022-01-11,2440.846066528597,4,17.131991135515495,12215.010652236875,2250.7157708407685
2022-01-12,3750.3628446086423,3,20.509281476309933,14757.748852870216,3325.9470114778674
2022-01-13,5052.182100421667,1,27.745100757475935,4894.187712198497,3187.5630956224904
2022-01-14,6035.318040938246,2,13.804464621730496,12367.359495176142,4702.027259883787
2022-01-15,3548.5123736930686,2,12.6623736712378,8661.794545506033,2644.4168082613373
2022-01-16,5373.533528954156,2,20.823804206182583,14233.853876082469,4422.27768151752
2022-01-17,3489.234135293355,1,20.25443850928009,-636.1371017574768,2502.508667457328
2022-01-18,3776.9643940161036,3,20.86670832185204,9504.528498793656,3032.5765238519953
2022-01-19,2186.6778063035554,2,21.219765989542502,6985.896721080192,1950.47697986114
2022-01-20,3153.5335077781915,4,18.883988726825976,12161.314753170778,2036.5312155338224
2022-01-21,2296.630788767333,2,27.449317193010412,12350.220936841011,1071.3173513725371
2022-01-22,3048.2534940453347,2,11.995480107617421,6461.870525889869,2366.3012122375
2022-01-23,7107.283593215679,2,15.85751487609877,6439.130679119781,4152.328500366991
2022-01-24,3101.202222336114,2,19.483726199254765,9446.673157213352,2240.425462051947
2022-01-25,10264.764129674782,3,11.784055944229165,5516.788863423959,5807.904458867382
2022-01-26,5986.635801761779,4,19.120727977839643,14209.918477260635,4387.2199568062815
2022-01-27,5369.672247389748,3,28.30735082864009,8153.963997762769,4067.8533838709645
2022-01-28,3283.2844396375735,4,20.10443244147981,-4534.941096608207,1234.4139875316032
2022-01-29,6400.619758817982,2,21.153504528593416,8125.88971689097,3642.1525590158635
2022-01-30,3848.7243475244522,1,13.699176174137099,4807.280895780138,2901.8433004372982
2022-01-31,5244.019629290723,3,16.918192959802614,1843.6209226952726,2700.3981887377677
2022-02-01,10120.16907653759,1,18.124018098380315,3812.8668088871377,5706.751962803501
2022-02-02,4807.8802005507005,3,18.41142451621883,10547.04235916485,3222.6801255470573
2022-02-03,7298.546652571352,2,26.408218975018844,16643.204141241156,4991.921119558576
2022-02-04,3593.6471497482253,3,22.78845530362562,11565.9223693249,2998.6787724298138
2022-02-05,4930.0230190060765,2,14.44271021531484,6967.483058921301,3170.2184081885425
2022-02-06,8541.60127127102,3,21.232523892160025,12279.520975853515,5741.689503293493
2022-02-07,3746.0658844244654,2,22.491108742483927,7704.548448905041,2512.014021322114
2022-02-08,8624.897115993857,2,25.700745192606334,6526.998154184277,4050.1385560494186
2022-02-09,6415.503870910951,4,27.902703432841868,4228.186658835078,3418.1739298880734
2022-02-10,3875.066448211465,2,14.924529040860657,1240.8559662414043,2460.620507205867
2022-02-11,6264.815478111042,4,15.94571244394831,8050.381467202774,3791.5524173986396
2022-02-12,6945.10889925346,2,13.71211070542692,10790.267449600658,4430.360704400065
2022-02-13,6243.6199244343925,1,18.829900704465093,9516.881649925552,4568.869370233167
2022-02-14,1859.5505602190872,2,22.331791872231673,7920.165360263207,1368.6383816936263
2022-02-15,3545.725648350263,1,24.93667258294551,5271.269696516094,1531.3818519635856
2022-02-16,4504.9627288969905,1,19.620244881787386,13041.230958424843,3478.5509250164114
2022-02-17,4851.133141799907,2,18.40076238372578,3414.340400267075,2527.3537115406652
2022-02-18,6241.344195101356,1,20.758789961243703,13880.139569217377,4027.9387735919126
2022-02-19,5355.402001866508,4,15.824285491849885,4988.914905366376,3091.685692069731
2022-02-20,2329.3112825797975,3,30.447693608473866,6237.823813234824,2038.1356155976207
2022-02-21,5760.395702011926,2,11.961694864409706,2666.074046921615,3143.9571444006574
2022-02-22,6221.171490567646,1,20.923702894478623,7492.989265571817,4015.767578473572
2022-02-23,6119.58089586208,2,30.118031096148197,14876.562292389894,5457.762329537355
2022-02-24,7161.5614511092435,4,20.033999222799988,12578.140442219783,4670.3587389200975
2022-02-25,6667.844309097808,2,19.049804824992528,14892.110560140176,4964.812508367756
2022-02-26,5918.360158456873,2,18.212772885947864,12610.71272966968,3968.065948184432
2022-02-27,4859.668577082706,1,19.09804159118796,4481.650857348154,2457.029318491801
2022-02-28,1678.078132968018,4,26.864242373382652,8346.053878362212,1385.0770518486838
2022-03-01,5859.236438265171,3,8.940690443352466,6099.004354412687,3301.933437857345
2022-03-02,5415.375374326222,3,27.667168506481627,16652.8745201952,4556.379754806842
2022-03-03,5543.157674390747,1,12.880214237749275,4016.0567678684424,4349.310428756372
2022-03-04,2446.5028483593806,2,18.666738353827927,14468.488446945554,2314.545224571708
2022-03-05,2837.886919183475,1,17.853777898506692,14464.769350543846,2659.1931196282417
2022-03-06,7106.3057066658075,1,22.9427663488536,19148.101008580437,5438.9957242702085
2022-03-07,4920.88969228669,1,12.009378240581261,7951.567036852513,3455.0019120075276
2022-03-08,6363.001394745249,2,22.310863330409713,13561.61079790081,4672.268269473139
2022-03-09,5056.636752260919,4,30.121548116434262,21408.259182694215,5315.404346185583
2022-03-10,5059.512278991487,1,13.184129977035948,6911.791615331516,2009.3576787589943
2022-03-11,6876.567611951996,2,20.94853083805198,2324.7987623382014,2479.9936001957867
2022-03-12,3967.9105435652523,4,16.690089111016956,599.9498304611817,1798.8801777347715
2022-03-13,5192.241553881967,1,22.129436030965177,13563.560144306657,4503.6398287466
2022-03-14,4075.4494225899143,3,20.09573888707876,584.248959707081,1316.235165351575
2022-03-15,4131.007545135369,4,16.79256545477845,8138.404735310386,1378.4073327973222
2022-03-16,4381.6557530627215,1,22.43936142435537,12186.565935194803,3697.618109302881
2022-03-17,5444.267543267426,4,29.021740548933714,10925.877684149571,3940.6523259549203
2022-03-18,4042.502756673046,4,19.045481041363505,12127.224320920861,2691.9741551330308
2022-03-19,7511.512251147042,4,23.59878971074091,11111.44927900427,4377.6911320845575
2022-03-20,3210.785395560992,4,13.533635210644182,16394.329066566967,2762.50710814092
2022-03-21,4626.256711677282,4,15.217818115909957,5238.418096306015,2894.9596060178033
2022-03-22,4120.5378834516505,4,22.36203138940189,6615.024307707344,2412.0499375439963
2022-03-23,7893.955768707466,1,27.420580142679825,6136.70277364588,4810.722179220349
2022-03-24,5393.10955302315,3,21.7780667439283,14150.95905931305,2687.4151576650775
2022-03-25,7063.68907893727,2,18.434709847384227,14501.992941975317,4556.061372087006
2022-03-26,2028.879253926056,4,19.99645702711677,12256.126596592541,1680.2249518694687
2022-03-27,5534.100531738518,2,13.747961330151412,15917.468334449639,4232.601556260992
2022-03-28,6779.261591246875,1,23.022576631776833,4109.795663118097,3534.188740353356
2022-03-29,5164.567978550848,4,24.411665311617046,18336.120557755683,4818.4591015300375
2022-03-30,7130.960750130703,3,17.7395483358346,17616.19310856129,4400.105254925035
2022-03-31,3965.423099799256,2,17.649789261202493,13678.109986228734,3375.633265613998
2022-04-01,7818.694880371159,4,21.329391148260243,18908.9945438553,6082.748045291788
2022-04-02,9597.7962472385,1,17.816401319797023,1716.8839616111309,5900.99187819332
2022-04-03,4274.322879120682,3,19.669336926870887,7377.759318686741,2636.921319574965
2022-04-04,4108.994957198456,2,30.498608945832576,6323.482696590238,2852.7249113290936
2022-04-05,7906.768954235402,2,18.76487149627002,13607.396618786715,4414.669229864816
2022-04-06,8159.1442914614245,4,18.20829923989389,4749.296301989272,3361.5445036971173
2022-04-07,3954.2799456934636,3,16.762290971824203,13787.475746687427,3780.850964503507
2022-04-08,4159.626365808285,3,23.720959857499682,16852.680719983568,3765.573204064214
2022-04-09,4436.430782278985,3,19.093879133909486,13476.014500419997,4157.882573994095
2022-04-10,2311.098977931446,3,16.75313480839287,11418.755118307505,1613.2988697924384
2022-04-11,3162.6961070316033,1,26.60652016136506,5060.6332954962545,2350.32310484594
2022-04-12,2991.718466495864,3,27.098015022568188,5765.745169373177,3010.4524719594333
2022-04-13,3464.4048697917433,2,16.997882171306475,16248.094526483334,3569.1644799399687
2022-04-14,4930.630225226438,2,10.66730024319692,13896.745019526661,3994.947097385729
2022-04-15,5468.429465073041,1,25.03756844918461,9804.902403112279,3721.7867701048417
2022-04-16,8101.000985628154,2,16.57685087119998,7910.452271170547,4058.3626764552964
2022-04-17,3003.291918522418,2,23.953127995813844,-129.03936555688443,2169.523803360276
2022-04-18,6968.644796953167,3,10.149480911440822,4645.737906577806,3645.3823173229757
2022-04-19,4572.022311548982,2,24.462986691496546,19557.09543569862,4497.008626205011
2022-04-20,4901.072580695134,1,13.944140353596094,3597.722144987666,2030.4857655960666
2022-04-21,6349.638984333207,3,23.653820595332622,10947.399106105404,3683.0949525827873
2022-04-22,2754.555956875403,4,20.071365339182172,15037.219865975992,3601.7508011803366
2022-04-23,5764.819492368101,3,15.230302903016776,3725.3866599885378,3083.720297994285
2022-04-24,5332.904416426112,1,17.964818435366098,10923.552373905417,4487.541665468407
2022-04-25,5984.902528016298,3,23.431592284783505,14689.577687553276,4425.536862462696
2022-04-26,5578.337287815636,3,20.52947226557617,10062.496609536252,2877.422365609072
2022-04-27,9910.600279821789,1,22.922064902362422,24342.01527833384,7838.127674100376
2022-04-28,3724.520031497368,3,29.882202922577427,1657.0037056090237,1736.9024477240405
2022-04-29,3938.0060899963646,1,12.178791941444743,15293.642649419395,3849.2295958927884
2022-04-30,3753.718947150471,1,28.08606287484312,9135.991313017677,2806.1726449345288
2022-05-01,3889.0457616794906,4,20.521779687616064,13859.600774183375,2562.1760222554094
2022-05-02,3725.2257453869647,2,15.50607975838436,12206.53575849623,3167.5644392042277
2022-05-03,7378.033062215103,2,13.348431871305051,6334.219014450017,5422.4848468160835
2022-05-04,7841.00849597971,3,19.054398046114834,11144.9819622967,5284.301113281365
2022-05-05,3858.5074125010474,3,24.608250559622295,710.4927430085639,1974.904929104611
2022-05-06,3335.288853791543,4,19.362254398112327,13016.23750285697,3510.0761035997284
2022-05-07,5942.831112772808,4,27.55577465123674,11490.792329952628,4229.784599448346
2022-05-08,3895.5539114380567,4,12.744121549742205,13193.300843215511,3374.3485673269506
2022-05-09,6265.863635511022,1,19.939555260769726,15290.59162543575,4118.472349745612
2022-05-10,5405.846041702599,4,13.738032777934405,11838.099201048555,4006.230757128747
2022-05-11,1968.5117700055362,4,21.81815941312484,10740.44709899138,2579.404119051691
2022-05-12,8095.010402660123,3,24.4344369504865,5594.658316693539,4192.283400644452
2022-05-13,8591.755346191043,4,17.896191031594732,6438.896181754745,5655.004820997629
2022-05-14,3774.422619031228,1,6.978930716864329,15933.673100886655,3435.723500603403
2022-05-15,4224.596880128032,1,20.99474073398247,17181.67702852989,3388.9808612211336
2022-05-16,5571.73078144981,3,22.183692758667547,8809.44781843973,4168.744580304867
2022-05-17,5668.913579974051,4,22.021473774808488,10230.01373626637,3717.4631931220083
2022-05-18,6317.088545345661,4,26.17891095911077,5476.92812503117,4089.8124200149123
2022-05-19,9020.409077532699,1,14.644731601754756,15863.784226337224,5952.468118430979
2022-05-20,4646.105545011901,4,23.401080527252248,13327.084118458893,3629.3882206396133
2022-05-21,3403.4055109230926,4,25.962537562389876,19706.087182318744,3922.887829616806
2022-05-22,2241.3615439709456,4,11.107062079967417,5608.3846141013055,1829.278468398603
2022-05-23,3538.1399201161616,2,21.598259129594886,8109.960504908914,1585.0599462360622
2022-05-24,4933.746054252406,3,17.479100844961643,11157.229612627862,3024.6220284262895
2022-05-25,8589.115727035576,2,19.59238663449177,13232.447688628852,6085.0668634395315
2022-05-26,3964.777401927657,3,21.738382417691682,8921.661812261838,2811.560425981008
2022-05-27,5447.575903277797,1,17.56385717943224,5635.194547731498,3027.498140744281
2022-05-28,4967.154207854496,4,16.62145960419194,14407.037644617856,3247.856006720716
2022-05-29,7376.786546896168,3,20.170762087440124,13605.676812727908,4512.009870291695
2022-05-30,10053.864851747243,2,14.563770305685988,5418.629497181375,4559.952432641354
2022-05-31,3938.2624541593586,4,14.570874355574073,16777.21400552748,3598.8693557172182
2022-06-01,4021.1211149635556,1,23.396866414782515,15850.99354598302,3299.0808084310347
2022-06-02,7088.321754138144,3,14.25602982420672,10671.482486238965,4130.340783182732
2022-06-03,6363.782979252623,3,23.33156250454606,10397.989311880181,4190.8618644808075
2022-06-04,8693.414651472067,3,22.312956464269757,12770.288855579536,5808.852822366783
2022-06-05,6167.856370651928,4,11.370966356047017,5691.48464871871,4702.012712938412
2022-06-06,4281.415818425881,2,16.612176738321725,10150.157395820412,2402.043156687207
2022-06-07,6181.309661384618,2,25.97054701523686,-761.9177230459018,3597.350634739503
2022-06-08,7217.4071611658155,3,15.094172344301592,14382.278227514678,5535.891601076342
2022-06-09,6640.964362394729,1,17.677978688453063,2192.533887790703,3152.25699815693
2022-06-10,6014.548062214596,1,22.31030446625948,17517.099142144994,4863.132953061439
2022-06-11,7133.349379178308,2,23.91695254641298,8349.399530167748,4175.7897131917625
2022-06-12,7338.591180891345,1,18.74230556977752,8941.665090344115,4658.4806202464315
2022-06-13,7764.317982075055,2,17.01244902654179,6861.330469577472,5325.158789600204
2022-06-14,6297.419775179285,3,27.111849308492538,8559.805630389617,4311.10475187511
2022-06-15,4665.763839366291,2,28.694498318987893,17092.656725740184,4299.9212287057835
2022-06-16,5293.427372866646,2,24.894290253908977,-2439.043282675397,2190.744127213853
2022-06-17,7413.017933016714,3,20.42659071282512,16384.82693044094,4605.905986161565
2022-06-18,3366.128658025528,1,15.958671391795368,11690.117405508541,2749.7378314325933
2022-06-19,5737.346617745802,2,15.847777967217173,3964.8917607139224,3870.6513401729726
2022-06-20,4213.3223753452785,2,22.61257052632879,4623.438034753811,1808.2823199058298
2022-06-21,5057.489645869635,3,22.09199110444342,18381.965136041013,3842.5058515610153
2022-06-22,7556.903725214597,1,27.007992964732146,5272.465600286344,4371.83309004944
2022-06-23,5382.198136039807,2,23.252250462680696,4233.247447020202,2625.02164534456
2022-06-24,5092.873096312298,3,12.48459849120091,15686.572711823648,3720.980555630028
2022-06-25,2280.2877180401615,2,25.259738088614593,11692.764381429572,2100.746980107811
2022-06-26,6492.507132054441,4,15.009696863427935,5310.372117318006,3097.183045350289
2022-06-27,6290.968362282151,3,18.08014364023824,11083.124877023096,3769.443760099225
2022-06-28,9326.50944661092,1,21.251001031258472,4871.236581798614,5504.517439982102
2022-06-29,4384.443530093999,1,29.97833744891982,15504.106992113026,3092.2454068877123
2022-06-30,5438.300655327877,1,35.549592780026806,15306.854824365668,3454.75470213109
2022-07-01,5498.76736742151,1,23.033615295680914,12660.030994109715,3702.977654884348
2022-07-02,8154.9065595269485,2,19.08401690639806,11808.305306235083,5626.769963332545
2022-07-03,4809.408935226096,2,22.672528242402752,18805.94062433687,4189.70487887253
2022-07-04,5558.043051540679,1,24.43827712936918,9998.431636941126,3549.31797811958
2022-07-05,6215.793019433078,1,18.396661872214043,4090.629372895994,3541.278511951164
2022-07-06,5373.2182463127165,1,28.97605677956161,12247.369564161534,3041.689968820642
2022-07-07,4107.132770898944,2,21.15035379595701,20430.23524768557,4346.65777248514
2022-07-08,5388.179985796615,1,22.48871544545697,4926.20253407074,3380.9766335517497
2022-07-09,7147.263499719544,1,23.329621260272308,8192.686166530071,4190.879091590946
2022-07-10,2946.9694011778797,4,22.10793305307228,12082.230190507262,3188.0807688431814
2022-07-11,5265.939348293752,4,24.19470250234806,9730.475754971305,3045.888670417722
2022-07-12,3599.7583701216536,1,16.913734067265384,5088.482098113425,2874.6732649056803
2022-07-13,7390.093257849685,3,17.208491230269846,15609.289281152354,5335.8432389607315
2022-07-14,1953.6261904324506,1,14.499228835141526,21600.203610086297,2970.3070841692825
2022-07-15,3882.1563054568232,4,22.19750615310113,10980.657295119538,3032.62681517152
2022-07-16,5754.423750129042,3,23.89468251756057,5479.658551319997,3374.834815542806
2022-07-17,8131.048058468681,3,22.288864330759427,2255.1973747326247,4904.314101349537
2022-07-18,4868.499477854024,1,28.372462166737687,11289.879906105904,3028.0354120187694
2022-07-19,3889.6009466136034,4,19.97201990585477,15519.386716581288,3118.676727382217
2022-07-20,8762.31413888118,4,23.343708277962563,12375.838732476908,6140.426759552316
2022-07-21,2103.972199167512,3,14.54149561930343,9987.98079540573,1755.3708610943295
2022-07-22,602.3880867598361,1,18.064501487627997,7053.641741053469,1458.9312062998238
2022-07-23,5880.028900106665,2,23.47768878782889,4539.181836409552,4246.598394077426
2022-07-24,3995.891551294778,2,24.24551055371572,14173.75663162441,3217.4484763943847
2022-07-25,2957.5343657385733,4,18.530165261679088,14568.858106927928,3279.3871733758997
2022-07-26,6416.712894598707,2,19.642003740709665,2271.3510665463346,2861.2096136581285
2022-07-27,5487.601427542398,4,12.410631266595953,17949.194890903418,4918.527915022105
2022-07-28,3871.842738526543,4,18.214853995966955,12870.356104470007,3325.6904581032527
2022-07-29,2439.391202658211,4,24.45191581759893,16997.97322572897,3159.6572565638703
2022-07-30,6744.91465656029,2,22.87602508053283,3289.3612575744246,3381.495020527943
2022-07-31,6300.402355917322,4,22.50332860690605,3170.8792229228056,2640.1977253280456
2022-08-01,4801.648272441234,3,20.2488684359048,9255.153451163515,3580.8904005553118
2022-08-02,8693.273992095332,1,20.03531579314088,12513.922134475972,4568.631164834849
2022-08-03,2859.830467347695,1,16.698394302632764,18981.80411463482,3171.3902384463254
2022-08-04,1948.9496581505223,4,23.494142101012674,13530.394569075657,2801.654633402913
2022-08-05,3616.183860237511,1,22.10486472194695,8786.593615939833,2785.2106461214516
2022-08-06,4908.827967289004,2,22.460094239963997,4868.1539616705395,3918.246711630459
2022-08-07,5486.678898645384,2,17.369825786662098,16150.00286359575,4873.23129455182
2022-08-08,4517.52788428734,1,9.233285400643778,5176.472871246425,2450.685363645589
2022-08-09,5704.110793028593,2,25.48576355876848,18142.342773861612,4683.094940182054
2022-08-10,2496.9211516191112,1,17.605812719957978,8578.076751967454,2084.643481006079
2022-08-11,7887.5292081465195,1,15.686121179784397,17952.910363089253,4949.8358708271
2022-08-12,4835.697643214862,1,23.467394559569968,13394.656450296392,3289.761747850851
2022-08-13,7234.591663176256,4,18.03993680040435,9315.022552787708,4271.421627057009
2022-08-14,5685.450692755408,1,25.29968192023311,7403.018140869367,2567.746877228696
2022-08-15,5913.506438307568,4,23.08502974788349,8295.4606132696,3813.554517581354
2022-08-16,6139.534560464407,1,23.41784661600239,12141.583461876187,4162.031488754902
2022-08-17,5895.41712003463,1,13.17022144399733,10385.782481088583,3151.456879614786
2022-08-18,6285.445519735088,1,26.059719926932,7030.942959656474,4050.8294604645507
2022-08-19,7658.305060264863,2,21.30625265616928,9171.842948411839,5107.003822584712
2022-08-20,5393.04233940294,4,18.153614303768983,10392.88514859575,3852.342285423866
2022-08-21,6418.007515177024,4,20.716942336711256,-643.6704720740605,2985.874317010292
2022-08-22,4820.528611425547,1,11.118823835508401,12290.840573943493,3936.481321366601
2022-08-23,7880.234430898946,1,22.043264057403356,5101.393876415966,4792.871109735155
2022-08-24,3647.2153958814606,2,14.853142459089643,4233.337983971275,2402.728595443611
2022-08-25,8601.880865821631,2,13.236648570782329,1563.2782644464482,4046.885798995158
2022-08-26,4919.684098711313,2,12.388204068910545,1030.5375106605486,2703.0350035841925
2022-08-27,2138.4497957639037,4,25.563441874949625,3222.7624844385537,1992.9978159260415
2022-08-28,5256.208829821579,4,16.853683031536058,6454.895211847548,2978.1647750928323
2022-08-29,3637.8966850502384,4,27.668638549582496,19766.295687632843,4848.514444709577
2022-08-30,6681.287097977449,1,17.32099268473851,7370.60162052398,3816.9203433169046
2022-08-31,3694.752041395218,4,11.463210212035266,10888.750531340156,2954.8009015228963
2022-09-01,4107.633133570441,3,14.417377800256704,12002.406932531643,2920.1561998152424
2022-09-02,1220.918538108938,3,26.179058100034695,10655.325931079244,1791.145185932527
2022-09-03,4095.3873615018465,2,19.220509110316662,9612.782696370032,2140.383154981321
2022-09-04,152.24134674208668,4,17.258563517546996,4023.531182003777,208.37874851481513
2022-09-05,1832.1943530285535,3,20.80009112926394,17254.637741396058,2098.4803595925255
2022-09-06,6520.829312288594,2,22.508913680837725,19035.983218189427,5234.533043277469
2022-09-07,6571.600317301664,4,25.5869940795123,1586.7065293865712,3945.453198751894
2022-09-08,5850.915123569929,1,27.24249614946463,4879.857045568102,3739.4706095139973
2022-09-09,3066.047713741574,3,18.20115677105457,8600.948288114969,1210.0091209299433
2022-09-10,4904.577287716041,1,13.369761569589807,5177.311025449043,3992.691549023824
2022-09-11,4992.794921818863,4,17.93267419438362,12529.827767279327,3900.0134753672373
2022-09-12,2683.2706216149154,3,21.30140253291443,6358.638987966935,1592.2797796109428
2022-09-13,8006.7966035343015,4,15.181205368946946,20825.280339033012,6167.208415702817
2022-09-14,6754.724581151343,1,15.214245425524785,15952.74297171798,5062.552923541369
2022-09-15,4558.071652340672,3,21.718939407749428,11062.870153161075,3054.9703769514367
2022-09-16,5053.771677989062,1,19.756738242147744,15134.93131659866,4141.612978149649
2022-09-17,5416.765615895105,4,20.163984977057932,15529.502121786545,3960.8132748137587
2022-09-18,916.5302631514187,4,16.207523326499654,7180.262559708784,976.9311435342263
2022-09-19,4505.645234958806,1,18.847996428971165,5918.913777290176,2503.759226973776
2022-09-20,3636.031504004403,3,15.378834278658479,10390.715314848238,2143.1895220450647
2022-09-21,2996.759980210169,1,24.450992055623935,14308.180622489721,3004.861386667311
2022-09-22,4437.79941422809,4,25.176246673618763,10695.301993267089,3584.7972493662846
2022-09-23,8595.373053699044,1,10.769060688809532,2115.017589045014,4768.00698986109
2022-09-24,6281.68572253402,4,15.35244569903795,5985.877780245789,4152.128510179109
2022-09-25,3857.6420204344063,1,12.517353724549604,9630.135682028109,3055.556418799903
2022-09-26,6145.165562712317,3,16.74988032796551,9621.671978370849,3770.9622181175887
